date,forecast,lower_95,upper_95
2026-01-01,6.15,4.75,7.84
2026-02-01,6.21,4.23,8.81
2026-03-01,5.81,3.67,8.76
2026-04-01,5.3,3.19,8.31
2026-05-01,5.02,2.91,8.08
2026-06-01,4.91,2.78,8.06
2026-07-01,4.82,2.68,8.02
2026-08-01,4.93,2.71,8.29
2026-09-01,5.32,2.9,9.01
2026-10-01,5.38,2.91,9.16
2026-11-01,5.61,3.01,9.58
2026-12-01,6.05,3.24,10.36
2027-01-01,7.2,3.73,12.63
2027-02-01,6.84,3.44,12.29
2027-03-01,6.41,3.15,11.7
2027-04-01,5.82,2.81,10.75
2027-05-01,5.43,2.59,10.13
2027-06-01,5.32,2.52,9.99
2027-07-01,5.25,2.46,9.89
2027-08-01,5.37,2.51,10.15
2027-09-01,5.65,2.63,10.73
2027-10-01,5.67,2.63,10.79
2027-11-01,5.74,2.66,10.92
2027-12-01,6.26,2.89,11.94
